var,question
ACEDEPRS,LIVE WITH ANYONE DEPRESSED, MENTALLY ILL, OR SUICIDAL?,
ACEDIVRC,WERE YOUR PARENTS DIVORCED/SEPERATED?,
ACEDRINK,LIVE WITH A PROBLEM DRINKER/ALCOHOLIC?,
ACEDRUGS,LIVE WITH ANYONE WHO USED ILLEGAL DRUGS OR ABUSED PRESCRIPTIONS?,
ACEHURT1,HOW OFTEN DID A PARENT PHYSICALLY HURT YOU IN ANY WAY?,
ACEHVSEX,HOW OFTEN DID ANYONE EVER FORCE YOU TO HAVE SEX?,
ACEPRISN,LIVE WITH ANYONE WHO SERVED TIME IN PRISON OR JAIL?,
ACEPUNCH,HOW OFTEN DID YOUR PARENTS BEAT EACH OTHER UP?,
ACESWEAR,HOW OFTEN DID A PARENT SWEAR AT YOU?,
ACETOUCH,HOW OFTEN DID ANYONE EVER TOUCH YOU SEXUALLY?,
ACETTHEM,HOW OFTEN DID ANYONE MAKE YOU TOUCH THEM SEXUALLY?,
ADDEPEV3,(EVER TOLD) YOU HAD A DEPRESSIVE DISORDER,
ALCDAY5,DAYS IN PAST 30 HAD ALCOHOLIC BEVERAGE,
ASTHMA3,EVER TOLD HAD ASTHMA,
ASTHNOW,STILL HAVE ASTHMA,
AVEDRNK3,AVG ALCOHOLIC DRINKS PER DAY IN PAST 30,
BIRTHSEX,ARE YOU MALE OR FEMALE?,
BLDSTOL1,EVER HAD BLOOD STOOL TEST USING HOME KIT,
BLDSUGAR,HOW OFTEN CHECK BLOOD FOR GLUCOSE,
BLIND,BLIND OR DIFFICULTY SEEING,
CADULT1,ARE YOU 18 YEARS OF AGE OR OLDER?,
CAREGIV1,PROVIDED REGULAR CARE FOR FAMILY OR FRIEND,
CASTHDX2,HLTH PRO EVER SAID CHILD HAS ASTHMA,
CASTHNO2,CHILD STILL HAVE ASTHMA?,
CCLGHOUS,DO YOU LIVE IN COLLEGE HOUSING?,
CDASSIST,NEED ASSISTANCE WITH DAY-TO_DAY ACTIVITIES DUE TO CONFUSION OR MEMORY LOSS,
CDDISCUS,HAVE YOU DISCUSSED YOUR CONFUSION OR MEMORY LOSS WITH A HEALTH CARE PROFESSIONAL?,
CDHELP,WHEN YOU NEED HELP WITH DAY-TO-DAY ACTIVITIES ARE YOU ABLE TO GET IT,
CDHOUSE,GIVEN UP DAY-TO-DAY CHORES DUE TO CONFUSION OR MEMORY LOSS,
CDSOCIAL,DOES CONFUSION OR MEMORY LOSS INTERFERE WITH WORK OR SOCIAL ACTIVITIES,
CELLFON5,IS THIS A CELL PHONE?,
CELLSEX,ARE YOU MALE OR FEMALE?,
CELPHONE,CELLULAR TELEPHONE,
CHCCOPD2,(EVER TOLD) YOU HAD (COPD) CHRONIC OBSTRUCTIVE PULMONARY DISEASE, EMPHYSEMA OR CHRONIC BRONCHITIS?,
CHCKDNY2,EVER TOLD YOU HAVE KIDNEY DISEASE?,
CHCOCNCR,(EVER TOLD) YOU HAD ANY OTHER TYPES OF CANCER?,
CHCSCNCR,(EVER TOLD) YOU HAD SKIN CANCER?,
CHECKUP1,LENGTH OF TIME SINCE LAST ROUTINE CHECKUP,
CHILDREN,NUMBER OF CHILDREN IN HOUSEHOLD,
CHKHEMO3,TIMES CHECKED FOR GLYCOSYLATED HEMOGLOBIN,
CIMEMLOS,HAVE YOU EXPERIENCED CONFUSION OR MEMORY LOSS THAT IS HAPPENING MORE OFTEN OR IS GETTING WORSE?,
CNCRAGE,AGE TOLD HAD CANCER,
CNCRDIFF,HOW MANY TYPES OF CANCER?,
CNCRTYP1,TYPE OF CANCER,
COLGHOUS,DO YOU LIVE IN COLLEGE HOUSING?,
COLGSEX,ARE YOU MALE OR FEMALE?,
COLNSCPY,HAVE YOU EVER HAD A COLONOSCOPY?,
COLNTEST,HOW LONG HAS IT BEEN SINCE YOU HAD COLONOSCOPY?,
CPDEMO1B,DO YOU HAVE A CELL PHONE FOR PERSONAL USE?,
CRGVALZD,DOES PERSON BEING CARED FOR HAVE ALZHEIMER¥S DISEASE?,
CRGVEXPT,DO YOU EXPECT TO HAVE A RELATIVE YOU WILL NEED TO PROVIDE CARE FOR?,
CRGVHOU1,MANAGED HOUSEHOLD TASKS,
CRGVHRS1,HOW MANY HOURS DO YOU PROVIDE CARE FOR PERSON?,
CRGVLNG1,HOW LONG PROVIDED CARE FOR PERSON.,
CRGVPER1,MANAGED PERSONAL CARE,
CRGVPRB3,WHAT IS THE MAJOR HEALTH PROBLEM, ILLNESS, DISABILITY FOR CARE FOR PERSON?,
CRGVREL4,RELATIONSHIP OF PERSON TO WHOM YOU ARE GIVING CARE?,
CSRVCLIN,PARTICIPATE IN CLINICAL TRIAL AS PART OF CANCER TREATMENT?,
CSRVCTL2,IS PAIN UNDER CONTROL?,
CSRVDEIN,EVER DENIED INSURANCE COVERAGE BECAUSE OF YOUR CANCER?,
CSRVDOC1,WHAT TYPE OF DOCTOR PROVIDES MAJORITY OF YOUR CARE,
CSRVINSR,DID HEALTH INSURANCE PAY FOR ALL OF YOUR CANCER TREATMENT,
CSRVINST,INSTRUCTIONS WRITTEN OR PRINTED,
CSRVPAIN,CURRENTLY HAVE PHYSICAL PAIN FROM CANCER OR TREATMENT?,
CSRVRTRN,EVER RECEIVE INSTRUCTIONS FROM A DOCTOR FOR FOLLOW-UP CHECK-UPS,
CSRVSUM,DID YOU RECEIVE A SUMMARY OF CANCER TREATMENTS RECEIVED,
CSRVTRT3,CURRENTLY RECEIVING TREATMENT FOR CANCER,
CSTATE1,DO YOU CURRENTLY LIVE IN  ____(STATE)____?,
CTELENM1,CORRECT TELEPHONE NUMBER?,
CTELNUM1,CORRECT PHONE NUMBER?,
CVDCRHD4,EVER DIAGNOSED WITH ANGINA OR CORONARY HEART DISEASE,
CVDINFR4,EVER DIAGNOSED WITH HEART ATTACK,
CVDSTRK3,EVER DIAGNOSED WITH A STROKE,
DEAF,ARE YOU DEAF OR DO YOU HAVE SERIOUS DIFFICULTY HEARING?,
DECIDE,DIFFICULTY CONCENTRATING OR REMEMBERING,
DIABAGE3,AGE WHEN TOLD DIABETES,
DIABEDU,EVER TAKEN CLASS IN MANAGING DIABETES,
DIABETE4,(EVER TOLD) YOU HAD DIABETES,
DIABEYE,EVER TOLD DIABETES HAS AFFECTED EYES,
DIFFALON,DIFFICULTY DOING ERRANDS ALONE,
DIFFDRES,DIFFICULTY DRESSING OR BATHING,
DIFFWALK,DIFFICULTY WALKING OR CLIMBING STAIRS,
DISPCODE,FINAL DISPOSITION,
DOCTDIAB,TIMES SEEN HEALTH PROFESSIONAL FOR DIABETES,
DRNK3GE5,BINGE DRINKING,
DRNKANY5,DRINK ANY ALCOHOLIC BEVERAGES IN PAST 30 DAYS,
DRNKDRI2,DID YOU DRIVE AFTER HAVING TOO MUCH TO DRINK IN THE PAST 30 DAYS?,
DROCDY3_,COMPUTED DRINK-OCCASIONS-PER-DAY,
ECIGARET,HAVE YOU EVER USED AN E-CIGARETTE OR OTHER ELECTRONIC ìVAPINGî PRODUCT?,
ECIGNOW,DO YOU NOW USE E-CIGARETTES, EVERY DAY, SOME DAYS, OR NOT AT ALL?,
EDUCA,EDUCATION LEVEL,
EMPLOY1,EMPLOYMENT STATUS,
EXERANY2,EXERCISE IN PAST 30 DAYS,
EYEEXAM1,LAST EYE EXAM WHERE PUPILS WERE DILATED,
FALL12MN,HAD FALL PAST TWELVE MONTHS,
FALLINJ4,INJURED IN FALL,
FEETCHK,TIMES FEET CHECK FOR SORES/IRRITATIONS,
FEETCHK3,HOW OFTEN CHECK FEET FOR SORES OR IRRITATIONS,
FLSHTMY3,WHEN RECEIVED MOST RECENT SEASONAL FLU SHOT/SPRAY,
FLUSHOT7,ADULT FLU SHOT/SPRAY PAST 12 MOS,
FMONTH,FILE MONTH,
GENHLTH,GENERAL HEALTH,
HADHYST2,HAD HYSTERECTOMY,
HADMAM,HAVE YOU EVER HAD A MAMMOGRAM,
HADPAP2,EVER HAD A PAP TEST,
HAVARTH4,TOLD HAVE ARTHRITIS,
HAVECFS,STILL HAVE CHRONIC FATIGUE SYNDROME OR MYALGIC ENCEPHALOMYELITIS,
HAVEHEPB,TOLD  HAD HEPATITIS B,
HAVEHEPC,STILL HAVE HEPATITIS C,
HEIGHT3,REPORTED HEIGHT IN FEET AND INCHES,
HHADULT,NUMBER OF ADULTS IN HOUSEHOLD,
HIVRISK5,DO ANY HIGH RISK SITUATIONS APPLY,
HIVTST7,EVER TESTED H.I.V.,
HIVTSTD3,MONTH AND YEAR OF LAST HIV TEST,
HLTHCVR1,PRIMARY HEALTH INSURANCE COVERAGE,
HLTHPLN1,HAVE ANY HEALTH CARE COVERAGE,
HOWLONG,HOW LONG SINCE LAST MAMMOGRAM,
HPLSTTST,HOW LONG SINCE YOUR LAST HPV TEST?,
HPVADSHT,NUMBER OF HPV SHOTS RECEIVED,
HPVADVC4,EVER HAD AN H.P.V. VACCINATION?,
HPVTEST,HAVE YOU EVER HAD AN HPV TEST?,
HTIN4,COMPUTED HEIGHT IN INCHES,
HTM4,COMPUTED HEIGHT IN METERS,
IDATE,INTERVIEW DATE,
IDAY,INTERVIEW DAY,
IMFVPLA1,WHERE DID YOU GET YOUR LAST FLU SHOT/VACCINE?,
IMONTH,INTERVIEW MONTH,
INCOME2,INCOME LEVEL,
INSULIN1,NOW TAKING INSULIN,
IYEAR,INTERVIEW YEAR,
LADULT1,ARE YOU 18 YEARS OF AGE OR OLDER?,
LANDLINE,DO YOU ALSO HAVE A LANDLINE TELEPHONE?,
LANDSEX,ARE YOU MALE OR FEMALE?,
LASTDEN4,LAST VISITED DENTIST OR DENTAL CLINIC,
LASTPAP2,HOW LONG SINCE LAST PAP TEST,
LASTSMK2,INTERVAL SINCE LAST SMOKED,
LCSCTSCN,DID YOU HAVE A CT OR CAT SCAN?,
LCSFIRST,HOW OLD WHEN YOU FIRST STARTED SMOKING?,
LCSLAST,HOW OLD WHEN YOU LAST SMOKED?,
LCSNUMCG,ON AVERAGE, HOW MANY CIGARETTES DO YOU SMOKE EACH DAY?,
LSTBLDS4,HOW LONG SINCE YOU HAD BLOOD STOOL TEST?,
MARIJAN1,DURING THE PAST 30 DAYS, ON HOW MANY DAYS DID YOU USE MARIJUANA OR HASHISH?,
MARITAL,MARITAL STATUS,
MAXDRNKS,MOST DRINKS ON SINGLE OCCASION PAST 30 DAYS,
MEDCOST,COULD NOT SEE DR. BECAUSE OF COST,
MEDSHEPB,CURRENTLY TAKING MEDICINE FOR HEPATITIS B,
MENTHLTH,NUMBER OF DAYS MENTAL HEALTH NOT GOOD,
MSCODE,METROPOLITAN STATUS CODE,
NUMADULT,NUMBER OF ADULTS IN HOUSEHOLD,
NUMHHOL3,HOUSEHOLD TELEPHONES,
NUMMEN,NUMBER OF ADULT MEN IN HOUSEHOLD,
NUMPHON3,RESIDENTIAL PHONES,
NUMWOMEN,NUMBER OF ADULT WOMEN IN HOUSEHOLD,
PCDMDEC1,WHO MADE THE DECISION WITH YOU TO HAVE PSA TEST?,
PCPSAAD3,HAS A HEALTH PROFESSIONAL EVER TALKED WITH YOU ABOUT THE ADVANTAGES OF THE PSA TEST?,
PCPSADE1,WHY WAS PSA TEST DONE?,
PCPSADI1,HAS A HEALTH PROFESSIONAL EVER TALKED WITH YOU ABOUT THE DISADVANTAGES OF THE PSA TEST?,
PCPSARE1,HAS A DOCTOR EVER RECOMMENDED THAT YOU HAVE A PSA TEST?,
PCPSARS1,WHAT WAS THE MAIN REASON YOU HAD THIS PSA TEST?,
PDIABTST,HAD A TEST FOR HIGH BLOOD SUGAR IN PAST THREE YEARS,
PERSDOC2,MULTIPLE HEALTH CARE PROFESSIONALS,
PHYSHLTH,NUMBER OF DAYS PHYSICAL HEALTH NOT GOOD,
PNEUVAC4,PNEUMONIA SHOT EVER,
POORHLTH,POOR PHYSICAL OR MENTAL HEALTH,
PREDIAB1,EVER BEEN TOLD YOU HAVE PRE-DIABETES OR BORDERLINE DIABETES,
PREGNANT,PREGNANCY STATUS,
PRIRHEPC,WERE YOU TREATED FOR HEPATITIS C PRIOR TO 2015,
PSATEST1,EVER HAD PSA TEST,
PSATIME,TIME SINCE LAST PSA TEST,
PVTRESD1,PRIVATE RESIDENCE?,
PVTRESD3,DO YOU LIVE IN A PRIVATE RESIDENCE?,
QSTLANG,LANGUAGE IDENTIFIER,
QSTVER,QUESTIONNAIRE VERSION IDENTIFIER,
RCSGENDR,GENDER OF CHILD,
RCSRLTN2,RELATIONSHIP TO CHILD,
RENTHOM1,OWN OR RENT HOME,
RESPSLCT,RESPONDENT SELECTION,
RMVTETH4,NUMBER OF PERMANENT TEETH REMOVED,
RSNMRJN1,WHAT WAS THE REASON YOU USED MARIJUANA?,
SAFETIME,SAFE TIME TO TALK?,
SDNATEST,HOW LONG SINCE YOU HAD STOOL DNA?,
SEATBELT,HOW OFTEN USE SEATBELTS IN CAR?,
SEQNO,ANNUAL SEQUENCE NUMBER,
SEXVAR,SEX OF RESPONDENT,
SHINGLE2,HAVE YOU EVER HAD THE SHINGLES OR ZOSTER VACCINE?,
SIGMSCPY,HAVE YOU EVER HAD A SIGMOIDOSCOPY?,
SIGMTEST,HOW LONG HAS IT BEEN SINCE YOU HAD SIGMOIDOSCOPY?,
SLEPTIM1,HOW MUCH TIME DO YOU SLEEP,
SMOKDAY2,FREQUENCY OF DAYS NOW SMOKING,
SMOKE100,SMOKED AT LEAST 100 CIGARETTES,
SOFEMALE,SEXUAL ORIENTATION,
SOMALE,SEXUAL ORIENTATION,
STATERE1,RESIDENT OF STATE,
STOOLDNA,EVER HAD STOOL DNA TEST?,
STOPSMK2,STOPPED SMOKING IN PAST 12 MONTHS,
TETANUS1,RECEIVED TETANUS SHOT SINCE 2005?,
TOLDCFS,TOLD HAD CHRONIC FATIGUE SYNDROME OR MYALGIC ENCEPHALOMYELITIS,
TOLDHEPC,TOLD HAD HEPATITIS C,
TRETHEPC,TREATED FOR HEPATITIS C,
TRNSGNDR,DO YOU CONSIDER YOURSELF TO BE TRANSGENDER?,
USEMRJN2,DURING THE PAST 30 DAYS, HOW DID YOU PRIMARILY USE MARIJUANA?,
USENOW3,USE OF SMOKELESS TOBACCO PRODUCTS,
VCLNTEST,HOW LONG HAS IT BEEN SINCE YOU HAD VIRTUAL COLONOSCOPY?,
VETERAN3,ARE YOU A VETERAN,
VIRCOLON,HAVE YOU EVER HAD A VIRTUAL COLONOSCOPY?,
WEIGHT2,REPORTED WEIGHT IN POUNDS,
WORKCFS,HOW MANY HOURS A WEEK ARE YOU BEEN ABLE TO WORK,
WTKG3,COMPUTED WEIGHT IN KILOGRAMS,
_AGE65YR,REPORTED AGE IN TWO AGE GROUPS CALCULATED VARIABLE,
_AGE80,IMPUTED AGE VALUE COLLAPSED ABOVE 80,
_AGEG5YR,REPORTED AGE IN FIVE-YEAR AGE CATEGORIES CALCULATED VARIABLE,
_AGE_G,IMPUTED AGE IN SIX GROUPS,
_AIDTST4,EVER BEEN TESTED FOR HIV CALCULATED VARIABLE,
_ALTETH3,ADULTS AGED 65+ WHO HAVE HAD ALL THEIR NATURAL TEETH EXTRACTED,
_ASTHMS1,COMPUTED ASTHMA STATUS,
_BMI5,COMPUTED BODY MASS INDEX,
_BMI5CAT,COMPUTED BODY MASS INDEX CATEGORIES,
_CASTHM1,CURRENT ASTHMA CALCULATED VARIABLE,
_CHISPNC,CHILD HISPANIC, LATINO/A, OR SPANISH ORIGIN CALCULATED VARIABLE,
_CHLDCNT,COMPUTED NUMBER OF CHILDREN IN HOUSEHOLD,
_CLLCPWT,FINAL CHILD WEIGHT: LAND-LINE AND CELL-PHONE DATA,
_CLNSCPY,RESPONDENTS AGED 50-75 WHO HAVE HAD A COLONOSCOPY WITHIN THE PAST TEN YEARS,
_CPRACE,PREFERRED CHILD RACE CATEGORIES,
_CRACE1,CHILD NON-HISPANIC RACE INCLUDING MULTIRACIAL,
_CRCREC1,RESPONDENTS AGED 50-75 WHO HAVE FULLY MET THE USPSTF RECOMMENDATIONS,
_DENVST3,ADULTS WHO HAVE VISITED A DENTIST, DENTAL HYGENIST OR DENTAL CLINIC WITHIN THE PAST YEAR,
_DRDXAR2,RESPONDENTS DIAGNOSED WITH ARTHRITIS,
_DRNKDRV,DRINKING AND DRIVING,
_DRNKWK1,COMPUTED NUMBER OF DRINKS OF ALCOHOL BEVERAGES PER WEEK,
_DUALCOR,DUAL PHONE USE CORRECTION FACTOR,
_DUALUSE,DUAL PHONE USE CATEGORIES,
_EDUCAG,COMPUTED LEVEL OF EDUCATION COMPLETED CATEGORIES,
_EXTETH3,RISK FACTOR FOR HAVING HAD PERMANENT TEETH EXTRACTED,
_FLSHOT7,FLU SHOT CALCULATED VARIABLE,
_HCVU651,RESPONDENTS AGED 18-64 WITH HEALTH CARE COVERAGE,
_HISPANC,HISPANIC, LATINO/A, OR SPANISH ORIGIN CALCULATED VARIABLE,
_IMPRACE,IMPUTED RACE/ETHNICITY VALUE,
_INCOMG,COMPUTED INCOME CATEGORIES,
_LLCPWT,FINAL WEIGHT: LAND-LINE AND CELL-PHONE DATA,
_LLCPWT2,TRUNCATED DESIGN WEIGHT USED IN ADULT COMBINED LAN  LINE AND CELL PHONE RAKING,
_LTASTH1,LIFETIME ASTHMA CALCULATED VARIABLE,
_MAM5023,WOMEN RESPONDENTS AGED 50-74 WHO HAVE HAD A MAMMOGRAM IN THE PAST TWO YEARS,
_MENT14D,COMPUTED MENTAL HEALTH STATUS,
_METSTAT,METROPOLITAN STATUS,
_MICHD,RESPONDENTS THAT HAVE EVER REPORTED HAVING CORONARY HEART DISEASE (CHD) OR MYOCARDIAL INFARCTION (MI),
_MRACE1,CALCULATED NON-HISPANIC RACE INCLUDING MULTIRACIAL,
_PHYS14D,COMPUTED PHYSICAL HEALTH STATUS,
_PNEUMO3,PNEUMONIA VACCINATION CALCULATED VARIABLE,
_PRACE1,COMPUTED PREFERRED RACE,
_PSU,PRIMARY SAMPLING UNIT,
_RACE,COMPUTED RACE-ETHNICITY GROUPING,
_RACEG21,COMPUTED NON-HISPANIC WHITES/ALL OTHERS RACE CATEGORIES RACE/ETHNIC GROUP CODES USED IN POST-STRATIFICATION.,
_RACEGR3,COMPUTED FIVE LEVEL RACE/ETHNICITY CATEGORY.,
_RACEPRV,COMPUTED RACE GROUPS USED FOR INTERNET PREVALENCE TABLES,
_RAWRAKE,RAW WEIGHTING FACTOR USED IN RAKING,
_RFBING5,BINGE DRINKING CALCULATED VARIABLE,
_RFBLDS4,RESPONDENTS AGED 50-75 WHO HAVE HAD A BLOOD STOOL TEST WITHIN THE PAST YEAR,
_RFBMI5,OVERWEIGHT OR OBESE CALCULATED VARIABLE,
_RFDRHV7,HEAVY ALCOHOL CONSUMPTION  CALCULATED VARIABLE,
_RFHLTH,ADULTS WITH GOOD OR BETTER HEALTH,
_RFMAM22,WOMEN RESPONDENTS AGED 40+ WHO HAVE HAD A MAMMOGRAM IN THE PAST TWO YEARS,
_RFPAP35,WOMEN RESPONDENTS AGED 21-65 WHO HAVE HAD A PAP TEST IN THE PAST THREE YEARS,
_RFPSA23,MALE RESPONDENTS AGED 40+ WHO HAVE HAD A PSA TEST IN THE PAST 2 YEARS,
_RFSEAT2,ALWAYS OR NEARLY ALWAYS WEAR SEAT BELTS,
_RFSEAT3,ALWAYS WEAR SEAT BELTS,
_RFSMOK3,CURRENT SMOKING CALCULATED VARIABLE,
_SBONTIM,RESPONDENTS AGED 50-75 WHO HAVE HAD A SIGMOIDOSCOPY WITHIN THE PAST TEN YEARS AND A BLOOD STOOL TEST IN THE PAST YEAR,
_SEX,CALCULATED SEX VARIABLE,
_SGMS10Y,RESPONDENTS AGED 50-75 WHO HAVE HAD A SIGMOIDOSCOPY WITHIN THE PAST TEN YEARS,
_SGMSCPY,RESPONDENTS AGED 50-75 WHO HAVE HAD A SIGMOIDOSCOPY WITHIN THE PAST FIVE YEARS,
_SMOKER3,COMPUTED SMOKING STATUS,
_STATE,STATE FIPS CODE,
_STOLDNA,RESPONDENTS AGED 50-75 WHO HAVE HAD A STOOL DNA TEST WITHIN THE PAST THREE YEARS,
_STRWT,STRATUM WEIGHT,
_STSTR,SAMPLE DESIGN STRATIFICATION VARIABLE,
_TOTINDA,LEISURE TIME PHYSICAL ACTIVITY CALCULATED VARIABLE,
_URBSTAT,URBAN/RURAL STATUS,
_VIRCOLN,RESPONDENTS AGED 50-75 WHO HAVE HAD A VIRTUAL COLONOSCOPY WITHIN THE PAST FIVE YEARS,
_WT2RAKE,DESIGN WEIGHT USED IN RAKING,
